timestamp,read_bytes,write_bytes
2025-06-08 06:45:12,4096,8192
0
2025-06-08 06:45:13,4096,10747904
49152
2025-06-08 06:45:14,4096,21217280
49152
2025-06-08 06:45:15,4096,31567872
49152
2025-06-08 06:45:16,4096,41435136
49152
2025-06-08 06:45:17,4096,50950144
49152
2025-06-08 06:45:18,4096,60473344
49152
2025-06-08 06:45:19,4096,102080512
49152
2025-06-08 06:45:20,4096,112697344
63651840
2025-06-08 06:45:21,4096,122683392
63651840
2025-06-08 06:45:22,4096,131862528
63651840
2025-06-08 06:45:23,4096,141406208
63651840
2025-06-08 06:45:24,4096,150679552
63651840
2025-06-08 06:45:25,4096,163373056
63651840
2025-06-08 06:45:26,4096,202457088
127250432
2025-06-08 06:45:27,4096,213381120
127250432
2025-06-08 06:45:28,4096,223723520
127250432
2025-06-08 06:45:29,4096,233955328
127250432
2025-06-08 06:45:30,4096,243810304
127250432
2025-06-08 06:45:31,4096,252801024
127250432
2025-06-08 06:45:32,4096,294084608
190857216
2025-06-08 06:45:33,4096,304521216
190857216
2025-06-08 06:45:34,4096,314314752
190857216
2025-06-08 06:45:35,4096,323903488
190857216
2025-06-08 06:45:36,4096,333271040
190857216
2025-06-08 06:45:37,4096,342585344
190857216
2025-06-08 06:45:39,4096,363937792
190857216
2025-06-08 06:45:40,4096,420139008
254459904
2025-06-08 06:45:41,4096,493215744
254459904
2025-06-08 06:45:42,4096,528400384
254459904
2025-06-08 06:45:43,4096,537096192
254459904
2025-06-08 06:45:44,4096,547278848
254459904
2025-06-08 06:45:45,4096,556720128
254459904
2025-06-08 06:45:46,4096,597618688
254459904
2025-06-08 06:45:47,4096,612003840
318062592
2025-06-08 06:45:48,4096,623005696
318062592
2025-06-08 06:45:49,4096,633880576
318062592
2025-06-08 06:45:50,4096,643829760
318062592
2025-06-08 06:45:51,4096,653996032
318062592
2025-06-08 06:45:52,4096,696623104
381661184
2025-06-08 06:45:53,4096,708390912
381661184
2025-06-08 06:45:54,4096,720441344
381661184
2025-06-08 06:45:55,4096,731041792
381661184
2025-06-08 06:45:56,4096,740818944
381661184
2025-06-08 06:45:57,4096,750891008
381661184
2025-06-08 06:45:58,4096,792862720
445263872
2025-06-08 06:45:59,4096,803573760
445263872
2025-06-08 06:46:00,4096,813408256
445263872
2025-06-08 06:46:01,4096,822456320
445263872
2025-06-08 06:46:02,4096,831033344
445263872
2025-06-08 06:46:03,4096,840196096
445263872
2025-06-08 06:46:04,4096,865214464
445263872
2025-06-08 06:46:05,4096,939917312
508866560
2025-06-08 06:46:06,4096,1053667328
508866560
2025-06-08 06:46:07,4096,1134653440
508866560
2025-06-08 06:46:08,4096,1145487360
508866560
2025-06-08 06:46:09,4096,1156501504
508866560
2025-06-08 06:46:10,4096,1167253504
508866560
2025-06-08 06:46:11,4096,1211097088
508866560
2025-06-08 06:46:12,4096,1222569984
572469248
2025-06-08 06:46:13,4096,1233403904
572469248
2025-06-08 06:46:14,4096,1244069888
572469248
2025-06-08 06:46:15,4096,1255407616
572469248
2025-06-08 06:46:16,4096,1270292480
572469248
2025-06-08 06:46:17,4096,1309970432
636067840
2025-06-08 06:46:18,4096,1320083456
636067840
2025-06-08 06:46:19,4096,1330651136
636067840
2025-06-08 06:46:20,4096,1340526592
636067840
2025-06-08 06:46:21,4096,1351008256
636067840
2025-06-08 06:46:22,4096,1360973824
636067840
2025-06-08 06:46:23,4096,1404760064
699666432
2025-06-08 06:46:24,4096,1416388608
699666432
2025-06-08 06:46:25,4096,1427550208
699666432
2025-06-08 06:46:26,4096,1438982144
699666432
2025-06-08 06:46:27,4096,1449144320
699666432
2025-06-08 06:46:28,4096,1467318272
699666432
2025-06-08 06:46:29,4096,1545826304
763277312
2025-06-08 06:46:30,4096,1666019328
763277312
2025-06-08 06:46:31,4096,1793048576
763277312
2025-06-08 06:46:32,4096,1859862528
763277312
2025-06-08 06:46:33,4096,1869860864
763277312
2025-06-08 06:46:34,4096,1879470080
763277312
2025-06-08 06:46:35,4096,1889050624
763277312
2025-06-08 06:46:37,4096,1931075584
826880000
2025-06-08 06:46:38,4096,1941721088
826880000
2025-06-08 06:46:39,4096,1952669696
826880000
2025-06-08 06:46:40,4096,1962700800
826880000
2025-06-08 06:46:41,4096,1972690944
826880000
2025-06-08 06:46:42,4096,1982607360
826880000
2025-06-08 06:46:43,4096,2025578496
890482688
2025-06-08 06:46:44,4096,2037112832
890482688
2025-06-08 06:46:45,4096,2048172032
890482688
2025-06-08 06:46:46,4096,2058690560
890482688
2025-06-08 06:46:47,4096,2068238336
890482688
2025-06-08 06:46:48,4096,2077790208
890482688
2025-06-08 06:46:49,4096,2119745536
954085376
2025-06-08 06:46:50,4096,2129731584
954085376
2025-06-08 06:46:51,4096,2140430336
954085376
2025-06-08 06:46:52,4096,2150404096
954085376
2025-06-08 06:46:53,4096,2160861184
954085376
2025-06-08 06:46:54,4096,2171383808
954085376
2025-06-08 06:46:55,4096,2214420480
954085376
2025-06-08 06:46:56,4096,2339348480
1017688064
2025-06-08 06:46:57,4096,2439417856
1017688064
2025-06-08 06:46:58,4096,2449514496
1017688064
2025-06-08 06:46:59,4096,2459934720
1017688064
2025-06-08 06:47:00,4096,2469580800
1017688064
2025-06-08 06:47:01,4096,2499653632
1017688064
2025-06-08 06:47:02,4096,2520215552
1081290752
2025-06-08 06:47:03,4096,2530488320
1081290752
2025-06-08 06:47:04,4096,2540060672
1081290752
2025-06-08 06:47:05,4096,2550595584
1081290752
2025-06-08 06:47:06,4096,2560786432
1081290752
2025-06-08 06:47:07,4096,2578227200
1081290752
2025-06-08 06:47:08,4096,2613592064
1144893440
2025-06-08 06:47:09,4096,2624466944
1144893440
2025-06-08 06:47:10,4096,2634690560
1144893440
2025-06-08 06:47:11,4096,2644873216
1144893440
2025-06-08 06:47:12,4096,2654134272
1144893440
2025-06-08 06:47:13,4096,2663981056
1144893440
2025-06-08 06:47:14,4096,2708287488
1208500224
2025-06-08 06:47:15,4096,2719498240
1208500224
2025-06-08 06:47:16,4096,2730651648
1208500224
2025-06-08 06:47:17,4096,2741313536
1208500224
2025-06-08 06:47:18,4096,2751774720
1208500224
2025-06-08 06:47:19,4096,2779766784
1208500224
2025-06-08 06:47:20,4096,2891898880
1272098816
2025-06-08 06:47:21,4096,3030716416
1272098816
2025-06-08 06:47:22,4096,3143380992
1272098816
2025-06-08 06:47:23,4096,3153502208
1272098816
2025-06-08 06:47:24,4096,3165011968
1272098816
2025-06-08 06:47:25,4096,3175628800
1272098816
2025-06-08 06:47:26,4096,3219144704
1335697408
2025-06-08 06:47:27,4096,3230543872
1335697408
2025-06-08 06:47:28,4096,3241377792
1335697408
2025-06-08 06:47:29,4096,3251511296
1335697408
2025-06-08 06:47:30,4096,3262148608
1335697408
2025-06-08 06:47:31,4096,3272978432
1335697408
2025-06-08 06:47:32,4096,3315187712
1399296000
2025-06-08 06:47:33,4096,3325042688
1399296000
2025-06-08 06:47:34,4096,3335753728
1399296000
2025-06-08 06:47:35,4096,3345555456
1399296000
2025-06-08 06:47:36,4096,3355422720
1399296000
2025-06-08 06:47:37,4096,3365355520
1399296000
2025-06-08 06:47:38,4096,3408609280
1462898688
2025-06-08 06:47:39,4096,3420733440
1462898688
2025-06-08 06:47:40,4096,3431575552
1462898688
2025-06-08 06:47:41,4096,3442417664
1462898688
2025-06-08 06:47:42,4096,3453980672
1462898688
2025-06-08 06:47:43,4096,3479838720
1462898688
2025-06-08 06:47:45,4096,3593187328
1526509568
2025-06-08 06:47:46,4096,3739103232
1526509568
2025-06-08 06:47:47,4096,3827011584
1526509568
2025-06-08 06:47:48,4096,3881259008
1526509568
2025-06-08 06:47:49,4096,3932917760
1526509568
2025-06-08 06:47:50,4096,3980840960
1526509568
2025-06-08 06:47:51,4096,4024156160
1590116352
2025-06-08 06:47:52,4096,4035612672
1590116352
2025-06-08 06:47:53,4096,4047269888
1590116352
2025-06-08 06:47:54,4096,4059422720
1590116352
2025-06-08 06:47:55,4096,4070723584
1590116352
2025-06-08 06:47:56,4096,4099612672
1590116352
2025-06-08 06:47:57,4096,4126863360
1653719040
2025-06-08 06:47:58,4096,4138336256
1653719040
2025-06-08 06:47:59,4096,4149129216
1653719040
2025-06-08 06:48:00,4096,4159889408
1653719040
2025-06-08 06:48:01,4096,4169306112
1653719040
2025-06-08 06:48:02,4096,4212252672
1653719040
2025-06-08 06:48:03,4096,4224143360
1717321728
2025-06-08 06:48:04,4096,4235165696
1717321728
2025-06-08 06:48:05,4096,4245831680
1717321728
2025-06-08 06:48:06,4096,4256763904
1717321728
2025-06-08 06:48:07,4096,4268253184
1717321728
2025-06-08 06:48:08,4096,4362792960
1780920320
2025-06-08 06:48:09,4096,4514193408
1780920320
2025-06-08 06:48:10,4096,4652085248
1780920320
2025-06-08 06:48:11,4096,4706754560
1780920320
2025-06-08 06:48:12,4096,4759707648
1780920320
2025-06-08 06:48:13,4096,4807573504
1780920320
2025-06-08 06:48:14,4096,4859838464
1780920320
2025-06-08 06:48:15,4096,4946997248
1844523008
2025-06-08 06:48:16,4096,4997738496
1844523008
2025-06-08 06:48:17,4096,5011144704
1844523008
2025-06-08 06:48:18,4096,5022154752
1844523008
2025-06-08 06:48:19,4096,5033418752
1844523008
2025-06-08 06:48:20,4096,5055373312
1844523008
2025-06-08 06:48:21,4096,5086515200
1908121600
2025-06-08 06:48:22,4096,5096947712
1908121600
2025-06-08 06:48:23,4096,5106933760
1908121600
2025-06-08 06:48:24,4096,5117644800
1908121600
2025-06-08 06:48:25,4096,5127725056
1908121600
2025-06-08 06:48:26,4096,5146644480
1908121600
2025-06-08 06:48:27,4096,5180825600
1971724288
2025-06-08 06:48:28,4096,5191749632
1971724288
2025-06-08 06:48:29,4096,5203140608
1971724288
2025-06-08 06:48:30,4096,5214777344
1971724288
2025-06-08 06:48:31,4096,5226569728
1971724288
2025-06-08 06:48:32,4096,5270601728
1971724288
2025-06-08 06:48:33,4096,5399007232
2035331072
2025-06-08 06:48:34,4096,5551550464
2035331072
2025-06-08 06:48:35,4096,5657133056
2035331072
2025-06-08 06:48:36,4096,5709369344
2035331072
2025-06-08 06:48:38,4096,5754667008
2035331072
2025-06-08 06:48:39,4096,5798957056
2035331072
2025-06-08 06:48:40,4096,5878829056
2035331072
2025-06-08 06:48:41,4096,5927055360
2098937856
2025-06-08 06:48:42,4096,5945524224
2098937856
2025-06-08 06:48:43,4096,5956591616
2098937856
2025-06-08 06:48:44,4096,5967843328
2098937856
2025-06-08 06:48:45,4096,5979172864
2098937856
2025-06-08 06:48:46,4096,6023462912
2162544640
2025-06-08 06:48:47,4096,6035099648
2162544640
2025-06-08 06:48:48,4096,6046220288
2162544640
2025-06-08 06:48:49,4096,6057676800
2162544640
2025-06-08 06:48:50,4096,6068731904
2162544640
2025-06-08 06:48:51,4096,6107820032
2162544640
2025-06-08 06:48:52,4096,6124294144
2226147328
2025-06-08 06:48:53,4096,6136233984
2226147328
2025-06-08 06:48:54,4096,6147125248
2226147328
2025-06-08 06:48:55,4096,6157926400
2226147328
2025-06-08 06:48:56,4096,6167883776
2226147328
2025-06-08 06:48:57,4096,6210121728
2265980928
2025-06-08 06:48:58,4096,6345039872
2289754112
2025-06-08 06:48:59,4096,6485893120
2289754112
2025-06-08 06:49:00,8192,6594441216
2289754112
2025-06-08 06:49:01,8192,6632296448
2289754112
2025-06-08 06:49:02,8192,6681440256
2289754112
2025-06-08 06:49:03,8192,6725804032
2289754112
2025-06-08 06:49:04,8192,6769762304
2289754112
2025-06-08 06:49:05,8192,6846500864
2329088000
2025-06-08 06:49:06,8192,6902747136
2329088000
2025-06-08 06:49:07,8192,6947315712
2329088000
2025-06-08 06:49:08,8192,6997041152
2329088000
2025-06-08 06:49:09,8192,7043698688
2329088000
2025-06-08 06:49:10,8192,7055118336
2329088000
2025-06-08 06:49:11,8192,7098920960
2392694784
2025-06-08 06:49:12,8192,7110733824
2392694784
2025-06-08 06:49:13,8192,7122243584
2392694784
2025-06-08 06:49:14,8192,7133261824
2392694784
2025-06-08 06:49:15,8192,7144132608
2392694784
2025-06-08 06:49:16,8192,7166881792
2392694784
2025-06-08 06:49:17,8192,7198486528
2456297472
2025-06-08 06:49:18,8192,7209889792
2456297472
2025-06-08 06:49:19,8192,7220805632
2456297472
2025-06-08 06:49:20,8192,7230820352
2456297472
2025-06-08 06:49:21,8192,7240548352
2456297472
2025-06-08 06:49:22,8192,7260000256
2456297472
2025-06-08 06:49:23,8192,7336054784
2519896064
2025-06-08 06:49:24,8192,7477686272
2519896064
2025-06-08 06:49:25,8192,7607226368
2519896064
2025-06-08 06:49:26,8192,7678275584
2519896064
2025-06-08 06:49:27,8192,7737032704
2519896064
2025-06-08 06:49:28,8192,7789449216
2519896064
2025-06-08 06:49:30,8192,7861596160
2519896064
2025-06-08 06:49:31,8192,7927062528
2583498752
2025-06-08 06:49:32,8192,7980130304
2583498752
2025-06-08 06:49:33,8192,8027959296
2583498752
2025-06-08 06:49:34,8192,8070873088
2583498752
2025-06-08 06:49:35,8192,8081588224
2583498752
2025-06-08 06:49:36,8192,8121565184
2583498752
2025-06-08 06:49:37,8192,8137744384
2647101440
2025-06-08 06:49:38,8192,8149692416
2647101440
2025-06-08 06:49:39,8192,8161898496
2647101440
2025-06-08 06:49:40,8192,8174030848
2647101440
2025-06-08 06:49:41,8192,8196775936
2647101440
2025-06-08 06:49:42,8192,8228593664
2710704128
2025-06-08 06:49:43,8192,8240005120
2710704128
2025-06-08 06:49:44,8192,8250720256
2710704128
2025-06-08 06:49:45,8192,8261681152
2710704128
2025-06-08 06:49:46,8192,8272261120
2710704128
2025-06-08 06:49:47,8192,8313180160
2710704128
2025-06-08 06:49:48,8192,8437686272
2774302720
2025-06-08 06:49:49,8192,8579555328
2774302720
2025-06-08 06:49:50,8192,8672739328
2774302720
2025-06-08 06:49:51,8192,8731148288
2774302720
2025-06-08 06:49:52,8192,8781365248
2774302720
2025-06-08 06:49:53,8192,8830152704
2774302720
2025-06-08 06:49:54,8192,8917815296
2837905408
2025-06-08 06:49:55,8192,8969228288
2837905408
2025-06-08 06:49:56,8192,9019736064
2837905408
2025-06-08 06:49:57,8192,9075908608
2837905408
2025-06-08 06:49:58,8192,9105219584
2837905408
2025-06-08 06:49:59,8192,9124245504
2837905408
2025-06-08 06:50:00,8192,9159090176
2901508096
2025-06-08 06:50:01,8192,9168453632
2901508096
2025-06-08 06:50:02,8192,9178529792
2901508096
2025-06-08 06:50:03,8192,9187938304
2901508096
2025-06-08 06:50:04,8192,9197641728
2901508096
2025-06-08 06:50:05,8192,9207746560
2901508096
2025-06-08 06:50:06,8192,9250852864
2965110784
2025-06-08 06:50:07,8192,9262342144
2965110784
2025-06-08 06:50:08,8192,9274306560
2965110784
2025-06-08 06:50:09,8192,9285525504
2965110784
2025-06-08 06:50:10,8192,9295437824
2965110784
2025-06-08 06:50:11,8192,9304707072
2965110784
2025-06-08 06:50:12,8192,9364750336
3028713472
2025-06-08 06:50:13,8192,9499082752
3028713472
2025-06-08 06:50:14,8192,9642033152
3028713472
2025-06-08 06:50:15,8192,9717403648
3028713472
2025-06-08 06:50:16,8192,9777561600
3028713472
2025-06-08 06:50:17,8192,9829560320
3028713472
2025-06-08 06:50:18,8192,9876283392
3028713472
2025-06-08 06:50:19,8192,9961824256
3092320256
2025-06-08 06:50:20,8192,10019311616
3092320256
2025-06-08 06:50:21,8192,10063568896
3092320256
2025-06-08 06:50:23,8192,10114265088
3092320256
2025-06-08 06:50:24,8192,10160377856
3092320256
2025-06-08 06:50:25,8192,10174930944
3092320256
2025-06-08 06:50:26,8192,10214645760
3155918848
2025-06-08 06:50:27,8192,10226356224
3155918848
2025-06-08 06:50:28,8192,10238320640
3155918848
2025-06-08 06:50:29,8192,10249715712
3155918848
2025-06-08 06:50:30,8192,10260787200
3155918848
2025-06-08 06:50:31,8192,10298703872
3155918848
2025-06-08 06:50:32,8192,10314924032
3219521536
2025-06-08 06:50:33,8192,10325778432
3219521536
2025-06-08 06:50:34,8192,10335805440
3219521536
2025-06-08 06:50:35,8192,10345857024
3219521536
2025-06-08 06:50:36,8192,10355453952
3219521536
2025-06-08 06:50:37,8192,10385911808
3219521536
2025-06-08 06:50:38,8192,10498113536
3283128320
2025-06-08 06:50:39,8192,10649124864
3283128320
2025-06-08 06:50:40,8192,10752802816
3283128320
2025-06-08 06:50:41,8192,10796912640
3283128320
2025-06-08 06:50:42,8192,10842554368
3283128320
2025-06-08 06:50:43,8192,10891259904
3283128320
2025-06-08 06:50:44,8192,10935533568
3283128320
2025-06-08 06:50:45,8192,11017539584
3346726912
2025-06-08 06:50:46,8192,11059916800
3346726912
2025-06-08 06:50:47,8192,11105906688
3346726912
2025-06-08 06:50:48,8192,11144318976
3346726912
2025-06-08 06:50:49,8192,11191566336
3346726912
2025-06-08 06:50:50,8192,11228590080
3346726912
2025-06-08 06:50:51,8192,11253018624
3346726912
2025-06-08 06:50:52,8192,11281391616
3410333696
2025-06-08 06:50:53,8192,11292024832
3410333696
2025-06-08 06:50:54,8192,11301974016
3410333696
2025-06-08 06:50:55,8192,11311562752
3410333696
2025-06-08 06:50:56,8192,11320766464
3410333696
2025-06-08 06:50:57,8192,11330191360
3410333696
2025-06-08 06:50:58,8192,11372085248
3473936384
2025-06-08 06:50:59,8192,11382194176
3473936384
2025-06-08 06:51:00,8192,11391750144
3473936384
2025-06-08 06:51:01,8192,11401072640
3473936384
2025-06-08 06:51:02,8192,11410427904
3473936384
2025-06-08 06:51:03,8192,11420049408
3473936384
2025-06-08 06:51:04,8192,11452293120
3473936384
2025-06-08 06:51:05,8192,11564822528
3537539072
2025-06-08 06:51:06,8192,11707367424
3537539072
2025-06-08 06:51:07,8192,11821707264
3537539072
2025-06-08 06:51:08,8192,11869888512
3537539072
2025-06-08 06:51:09,8192,11920105472
3537539072
2025-06-08 06:51:10,8192,11970334720
3537539072
2025-06-08 06:51:11,8192,12060446720
3537539072
2025-06-08 06:51:12,8192,12111847424
3601137664
2025-06-08 06:51:13,8192,12166361088
3601137664
2025-06-08 06:51:14,8192,12217192448
3601137664
2025-06-08 06:51:15,8192,12266242048
3601137664
2025-06-08 06:51:16,8192,12306849792
3601137664
2025-06-08 06:51:17,8192,12347432960
3601137664
2025-06-08 06:51:18,8192,12361973760
3664736256
2025-06-08 06:51:19,8192,12373069824
3664736256
2025-06-08 06:51:20,8192,12383453184
3664736256
2025-06-08 06:51:21,8192,12394192896
3664736256
2025-06-08 06:51:23,8192,12404002816
3664736256
2025-06-08 06:51:24,8192,12447043584
3664736256
2025-06-08 06:51:25,8192,12458196992
3728343040
2025-06-08 06:51:26,8192,12469407744
3728343040
2025-06-08 06:51:27,8192,12480774144
3728343040
2025-06-08 06:51:28,8192,12492050432
3728343040
2025-06-08 06:51:29,8192,12507557888
3728343040
2025-06-08 06:51:30,8192,12616531968
3791945728
2025-06-08 06:51:31,8192,12759146496
3791945728
2025-06-08 06:51:32,8192,12892069888
3791945728
2025-06-08 06:51:33,8192,12935417856
3791945728
2025-06-08 06:51:34,8192,12982071296
3791945728
2025-06-08 06:51:35,8192,13022138368
3791945728
2025-06-08 06:51:36,8192,13075345408
3791945728
2025-06-08 06:51:37,8192,13147852800
3855552512
2025-06-08 06:51:38,8192,13202878464
3855552512
2025-06-08 06:51:39,8192,13232660480
3855552512
2025-06-08 06:51:40,8192,13242748928
3855552512
2025-06-08 06:51:41,8192,13252337664
3855552512
2025-06-08 06:51:42,8192,13261893632
3855552512
2025-06-08 06:51:43,8192,13304270848
3919155200
2025-06-08 06:51:44,8192,13315100672
3919155200
2025-06-08 06:51:45,8192,13325176832
3919155200
2025-06-08 06:51:46,8192,13335883776
3919155200
2025-06-08 06:51:47,8192,13345746944
3919155200
2025-06-08 06:51:48,8192,13355794432
3919155200
2025-06-08 06:51:49,8192,13398216704
3982761984
2025-06-08 06:51:50,8192,13409673216
3982761984
2025-06-08 06:51:51,8192,13420961792
3982761984
2025-06-08 06:51:52,8192,13432414208
3982761984
2025-06-08 06:51:53,8192,13443530752
3982761984
2025-06-08 06:51:54,8192,13465759744
3982761984
2025-06-08 06:51:55,8192,13588066304
4046368768
2025-06-08 06:51:56,8192,13751177216
4046368768
2025-06-08 06:51:57,8192,13883580416
4046368768
2025-06-08 06:51:58,8192,13923405824
4046368768
2025-06-08 06:51:59,8192,13973028864
4046368768
2025-06-08 06:52:00,8192,14028492800
4046368768
2025-06-08 06:52:01,8192,14101282816
4046368768
2025-06-08 06:52:02,8192,14162903040
4109967360
2025-06-08 06:52:03,8192,14215507968
4109967360
2025-06-08 06:52:04,8192,14271733760
4109967360
2025-06-08 06:52:05,8192,14319427584
4109967360
2025-06-08 06:52:07,8192,14373249024
4109967360
2025-06-08 06:52:08,8192,14442917888
4109967360
2025-06-08 06:52:09,8192,14462496768
4173565952
2025-06-08 06:52:10,8192,14473629696
4173565952
2025-06-08 06:52:11,8192,14485209088
4173565952
2025-06-08 06:52:12,8192,14496899072
4173565952
2025-06-08 06:52:13,8192,14508650496
4173565952
2025-06-08 06:52:14,8192,14552117248
4237168640
2025-06-08 06:52:15,8192,14563450880
4237168640
2025-06-08 06:52:16,8192,14573490176
4237168640
2025-06-08 06:52:17,8192,14583058432
4237168640
2025-06-08 06:52:18,8192,14593941504
4237168640
2025-06-08 06:52:19,8192,14606598144
4237168640
2025-06-08 06:52:20,8192,14690000896
4300771328
2025-06-08 06:52:21,8192,14826954752
4300771328
2025-06-08 06:52:22,8192,14961766400
4300771328
2025-06-08 06:52:23,8192,15034343424
4300771328
2025-06-08 06:52:24,8192,15083237376
4300771328
2025-06-08 06:52:25,8192,15134617600
4300771328
2025-06-08 06:52:26,8192,15189368832
4300771328
2025-06-08 06:52:27,8192,15268106240
4364378112
2025-06-08 06:52:28,8192,15320231936
4364378112
2025-06-08 06:52:29,8192,15370801152
4364378112
2025-06-08 06:52:30,8192,15422648320
4364378112
2025-06-08 06:52:31,8192,15459921920
4364378112
2025-06-08 06:52:32,8192,15469715456
4364378112
2025-06-08 06:52:33,8192,15512080384
4427980800
2025-06-08 06:52:34,8192,15523209216
4427980800
2025-06-08 06:52:35,8192,15534235648
4427980800
2025-06-08 06:52:36,8192,15544127488
4427980800
2025-06-08 06:52:37,8192,15556063232
4427980800
2025-06-08 06:52:38,8192,15567384576
4427980800
2025-06-08 06:52:39,8192,15611289600
4491583488
2025-06-08 06:52:40,8192,15622406144
4491583488
2025-06-08 06:52:41,8192,15632572416
4491583488
2025-06-08 06:52:42,8192,15642677248
4491583488
2025-06-08 06:52:43,8192,15652990976
4491583488
2025-06-08 06:52:44,8192,15662460928
4491583488
2025-06-08 06:52:45,8192,15729684480
4555190272
2025-06-08 06:52:46,8192,15867924480
4555190272
2025-06-08 06:52:47,8192,16002355200
4555190272
2025-06-08 06:52:48,8192,16105140224
4555190272
2025-06-08 06:52:49,8192,16155631616
4555190272
2025-06-08 06:52:50,8192,16202031104
4555190272
2025-06-08 06:52:51,8192,16259964928
4555190272
2025-06-08 06:52:52,8192,16341274624
4618797056
2025-06-08 06:52:54,8192,16395689984
4618797056
2025-06-08 06:52:55,8192,16446050304
4618797056
2025-06-08 06:52:56,8192,16501248000
4618797056
2025-06-08 06:52:57,8192,16547332096
4618797056
2025-06-08 06:52:58,8192,16596779008
4618797056
2025-06-08 06:52:59,8192,16679329792
4682403840
2025-06-08 06:53:00,8192,16706064384
4682403840
2025-06-08 06:53:01,8192,16716845056
4682403840
2025-06-08 06:53:02,8192,16728506368
4682403840
2025-06-08 06:53:03,8192,16740245504
4682403840
2025-06-08 06:53:04,8192,16765046784
4682403840
2025-06-08 06:53:05,8192,16797044736
4746002432
2025-06-08 06:53:06,8192,16809320448
4746002432
2025-06-08 06:53:07,8192,16820436992
4746002432
2025-06-08 06:53:08,8192,16831594496
4746002432
2025-06-08 06:53:09,8192,16842584064
4746002432
2025-06-08 06:53:10,8192,16919183360
4809605120
2025-06-08 06:53:11,8192,17086033920
4809605120
2025-06-08 06:53:12,8192,17234509824
4809605120
2025-06-08 06:53:13,8192,17291952128
4809605120
2025-06-08 06:53:14,8192,17341190144
4809605120
2025-06-08 06:53:15,8192,17381613568
4809605120
2025-06-08 06:53:16,8192,17431941120
4809605120
2025-06-08 06:53:17,8192,17507192832
4873211904
2025-06-08 06:53:18,8192,17557401600
4873211904
2025-06-08 06:53:19,8192,17602883584
4873211904
2025-06-08 06:53:20,8192,17646493696
4873211904
2025-06-08 06:53:21,8192,17693351936
4873211904
2025-06-08 06:53:22,8192,17740443648
4873211904
2025-06-08 06:53:23,8192,17816735744
4873211904
2025-06-08 06:53:24,8192,17874001920
4936818688
2025-06-08 06:53:25,8192,17920225280
4936818688
2025-06-08 06:53:26,8192,17951211520
4936818688
2025-06-08 06:53:27,8192,17961189376
4936818688
2025-06-08 06:53:28,8192,17970597888
4936818688
2025-06-08 06:53:29,8192,18000175104
4936818688
2025-06-08 06:53:30,8192,18024501248
5000425472
2025-06-08 06:53:31,8192,18035236864
5000425472
2025-06-08 06:53:32,8192,18045444096
5000425472
2025-06-08 06:53:33,8192,18055704576
5000425472
2025-06-08 06:53:34,8192,18066087936
5000425472
2025-06-08 06:53:35,8192,18102112256
5000425472
2025-06-08 06:53:36,8192,18215206912
5064028160
2025-06-08 06:53:37,8192,18354880512
5064028160
2025-06-08 06:53:38,8192,18465456128
5064028160
2025-06-08 06:53:39,8192,18511351808
5064028160
2025-06-08 06:53:40,8192,18567663616
5064028160
2025-06-08 06:53:41,8192,18618773504
5064028160
2025-06-08 06:53:42,8192,18677878784
5064028160
2025-06-08 06:53:43,8192,18760183808
5127634944
2025-06-08 06:53:44,8192,18811908096
5127634944
2025-06-08 06:53:45,8192,18862690304
5127634944
2025-06-08 06:53:47,8192,18903678976
5127634944
2025-06-08 06:53:48,8192,18951012352
5127634944
2025-06-08 06:53:49,8192,18997424128
5127634944
2025-06-08 06:53:50,8192,19080945664
5191237632
2025-06-08 06:53:51,8192,19127726080
5191237632
2025-06-08 06:53:52,8192,19181080576
5191237632
2025-06-08 06:53:53,8192,19235278848
5191237632
2025-06-08 06:53:54,8192,19286814720
5191237632
2025-06-08 06:53:55,8192,19336552448
5191237632
2025-06-08 06:53:56,8192,19368308736
5254844416
2025-06-08 06:53:57,8192,19379589120
5254844416
2025-06-08 06:53:58,8192,19390095360
5254844416
2025-06-08 06:53:59,8192,19400474624
5254844416
2025-06-08 06:54:00,8192,19410579456
5254844416
2025-06-08 06:54:01,8192,19445469184
5254844416
2025-06-08 06:54:02,8192,19559124992
5318447104
2025-06-08 06:54:03,8192,19704266752
5318447104
2025-06-08 06:54:04,8192,19807748096
5318447104
2025-06-08 06:54:05,8192,19860197376
5318447104
2025-06-08 06:54:06,8192,19909615616
5318447104
2025-06-08 06:54:07,8192,19968176128
5318447104
2025-06-08 06:54:08,8192,20029018112
5318447104
2025-06-08 06:54:09,8192,20102684672
5382049792
2025-06-08 06:54:10,8192,20145086464
5382049792
2025-06-08 06:54:11,8192,20186103808
5382049792
2025-06-08 06:54:12,8192,20236914688
5382049792
2025-06-08 06:54:13,8192,20281982976
5382049792
2025-06-08 06:54:14,8192,20332027904
5382049792
2025-06-08 06:54:15,8192,20410421248
5445652480
2025-06-08 06:54:16,8192,20458172416
5445652480
2025-06-08 06:54:17,8192,20512526336
5445652480
2025-06-08 06:54:18,8192,20555390976
5445652480
2025-06-08 06:54:19,8192,20605857792
5445652480
2025-06-08 06:54:20,8192,20638887936
5445652480
2025-06-08 06:54:21,8192,20682252288
5509259264
2025-06-08 06:54:22,8192,20693635072
5509259264
2025-06-08 06:54:23,8192,20704825344
5509259264
2025-06-08 06:54:24,8192,20716077056
5509259264
2025-06-08 06:54:25,8192,20727185408
5509259264
2025-06-08 06:54:26,8192,20742230016
5509259264
2025-06-08 06:54:27,8192,20838674432
5572857856
2025-06-08 06:54:28,8192,20977446912
5572857856
2025-06-08 06:54:29,8192,21108027392
5572857856
2025-06-08 06:54:30,8192,21148295168
5572857856
2025-06-08 06:54:31,8192,21201285120
5572857856
2025-06-08 06:54:32,8192,21243670528
5572857856
2025-06-08 06:54:33,8192,21298987008
5572857856
2025-06-08 06:54:34,8192,21382074368
5636464640
2025-06-08 06:54:35,8192,21430390784
5636464640
2025-06-08 06:54:36,8192,21480304640
5636464640
2025-06-08 06:54:37,8192,21501300736
5636464640
2025-06-08 06:54:38,8192,21511327744
5636464640
2025-06-08 06:54:39,8192,21521211392
5636464640
2025-06-08 06:54:40,8192,21563785216
5700067328
2025-06-08 06:54:41,8192,21574606848
5700067328
2025-06-08 06:54:42,8192,21585973248
5700067328
2025-06-08 06:54:44,8192,21597913088
5700067328
2025-06-08 06:54:45,8192,21609132032
5700067328
2025-06-08 06:54:46,8192,21631102976
5700067328
2025-06-08 06:54:47,8192,21664710656
5763670016
2025-06-08 06:54:48,8192,21676748800
5763670016
2025-06-08 06:54:49,8192,21688909824
5763670016
2025-06-08 06:54:50,8192,21700255744
5763670016
2025-06-08 06:54:51,8192,21710880768
5763670016
2025-06-08 06:54:52,8192,21762764800
5827272704
2025-06-08 06:54:53,8192,21906128896
5827272704
2025-06-08 06:54:54,8192,22053134336
5827272704
2025-06-08 06:54:55,8192,22155534336
5827272704
2025-06-08 06:54:56,8192,22206427136
5827272704
2025-06-08 06:54:57,8192,22251720704
5827272704
2025-06-08 06:54:58,8192,22302851072
5827272704
2025-06-08 06:54:59,8192,22376169472
5890879488
2025-06-08 06:55:00,8192,22424330240
5890879488
2025-06-08 06:55:01,8192,22471548928
5890879488
2025-06-08 06:55:02,8192,22510383104
5890879488
2025-06-08 06:55:03,8192,22560206848
5890879488
2025-06-08 06:55:04,8192,22605111296
5890879488
2025-06-08 06:55:05,8192,22680698880
5890879488
2025-06-08 06:55:06,8192,22731198464
5954486272
2025-06-08 06:55:07,8192,22775898112
5954486272
2025-06-08 06:55:08,8192,22820220928
5954486272
2025-06-08 06:55:09,8192,22860263424
5954486272
2025-06-08 06:55:10,8192,22871150592
5954486272
2025-06-08 06:55:11,8192,22905802752
5954486272
2025-06-08 06:55:12,8192,22926159872
6018088960
2025-06-08 06:55:13,8192,22936969216
6018088960
2025-06-08 06:55:14,8192,22947631104
6018088960
2025-06-08 06:55:15,8192,22958575616
6018088960
2025-06-08 06:55:16,8192,22969217024
6018088960
2025-06-08 06:55:17,8192,23028236288
6081691648
2025-06-08 06:55:18,8192,23188983808
6081691648
2025-06-08 06:55:19,8192,23334125568
6081691648
2025-06-08 06:55:20,8192,23413014528
6081691648
2025-06-08 06:55:21,8192,23462699008
6081691648
2025-06-08 06:55:22,8192,23509590016
6081691648
2025-06-08 06:55:23,8192,23561277440
6081691648
2025-06-08 06:55:24,8192,23641776128
6145294336
2025-06-08 06:55:25,8192,23695507456
6145294336
2025-06-08 06:55:26,8192,23735984128
6145294336
2025-06-08 06:55:27,8192,23794024448
6145294336
2025-06-08 06:55:28,8192,23842562048
6145294336
2025-06-08 06:55:29,8192,23898873856
6145294336
2025-06-08 06:55:30,8192,23980556288
6208897024
2025-06-08 06:55:31,8192,24028499968
6208897024
2025-06-08 06:55:32,8192,24084557824
6208897024
2025-06-08 06:55:33,8192,24128897024
6208897024
2025-06-08 06:55:35,8192,24186089472
6208897024
2025-06-08 06:55:36,8192,24209637376
6208897024
2025-06-08 06:55:37,8192,24252440576
6272499712
2025-06-08 06:55:38,8192,24262512640
6272499712
2025-06-08 06:55:39,8192,24272683008
6272499712
2025-06-08 06:55:40,8192,24282148864
6272499712
2025-06-08 06:55:41,8192,24290738176
6272499712
2025-06-08 06:55:42,8192,24300212224
6272499712
2025-06-08 06:55:43,8192,24326344704
6272499712
2025-06-08 06:55:44,8192,24425238528
6336106496
2025-06-08 06:55:45,8192,24583938048
6336106496
2025-06-08 06:55:46,8192,24720302080
6336106496
2025-06-08 06:55:47,8192,24767655936
6336106496
2025-06-08 06:55:48,8192,24821678080
6336106496
2025-06-08 06:55:49,8192,24868470784
6336106496
2025-06-08 06:55:50,8192,24922611712
6336106496
2025-06-08 06:55:51,8192,24997265408
6399709184
2025-06-08 06:55:52,8192,25040052224
6399709184
2025-06-08 06:55:53,8192,25088634880
6399709184
2025-06-08 06:55:54,8192,25140146176
6399709184
2025-06-08 06:55:55,8192,25192034304
6399709184
2025-06-08 06:55:56,8192,25243717632
6399709184
2025-06-08 06:55:57,8192,25332273152
6463315968
2025-06-08 06:55:58,8192,25379008512
6463315968
2025-06-08 06:55:59,8192,25427271680
6463315968
2025-06-08 06:56:00,8192,25465765888
6463315968
2025-06-08 06:56:01,8192,25475821568
6463315968
2025-06-08 06:56:02,8192,25485975552
6463315968
2025-06-08 06:56:03,8192,25529548800
6526922752
2025-06-08 06:56:04,8192,25541259264
6526922752
2025-06-08 06:56:05,8192,25552691200
6526922752
2025-06-08 06:56:06,8192,25563713536
6526922752
2025-06-08 06:56:07,8192,25574207488
6526922752
2025-06-08 06:56:08,8192,25594597376
6526922752
2025-06-08 06:56:09,8192,25697583104
6590525440
2025-06-08 06:56:10,8192,25823862784
6590525440
2025-06-08 06:56:11,8192,25951805440
6590525440
2025-06-08 06:56:12,8192,26008018944
6590525440
2025-06-08 06:56:13,8192,26047401984
6590525440
2025-06-08 06:56:14,8192,26094497792
6590525440
2025-06-08 06:56:15,8192,26144821248
6590525440
2025-06-08 06:56:16,8192,26204889088
6590525440
2025-06-08 06:56:17,8192,26275618816
6654128128
2025-06-08 06:56:18,8192,26317824000
6654128128
2025-06-08 06:56:19,8192,26362372096
6654128128
2025-06-08 06:56:20,8192,26407796736
6654128128
2025-06-08 06:56:21,8192,26448670720
6654128128
2025-06-08 06:56:22,8192,26497548288
6654128128
2025-06-08 06:56:23,8192,26570821632
6654128128
2025-06-08 06:56:25,8192,26621784064
6717726720
2025-06-08 06:56:26,8192,26664796160
6717726720
2025-06-08 06:56:27,8192,26712244224
6717726720
2025-06-08 06:56:28,8192,26741997568
6717726720
2025-06-08 06:56:29,8192,26753040384
6717726720
2025-06-08 06:56:30,8192,26797219840
6781325312
2025-06-08 06:56:31,8192,26809208832
6781325312
2025-06-08 06:56:32,8192,26820145152
6781325312
2025-06-08 06:56:33,8192,26831458304
6781325312
2025-06-08 06:56:34,8192,26842791936
6781325312
2025-06-08 06:56:35,8192,26872905728
6781325312
2025-06-08 06:56:36,8192,26998132736
6844928000
2025-06-08 06:56:37,8192,27150077952
6844928000
2025-06-08 06:56:38,8192,27252916224
6844928000
2025-06-08 06:56:39,8192,27310596096
6877433856
2025-06-08 06:56:40,8192,27349782528
6877433856
2025-06-08 06:56:41,8192,27384393728
6877433856
2025-06-08 06:56:42,8192,27417288704
6877433856
2025-06-08 06:56:43,8192,27448905728
6877433856
2025-06-08 06:56:44,8192,27488751616
6877433856
2025-06-08 06:56:45,8192,27518955520
6877433856
2025-06-08 06:56:46,8192,27564044288
6877433856
2025-06-08 06:56:47,8192,27604283392
6877433856
2025-06-08 06:56:48,8192,27699720192
6877433856
2025-06-08 06:56:49,8192,27872813056
6877433856
2025-06-08 06:56:50,8192,27922939904
6877433856
2025-06-08 06:56:51,8192,27966320640
6877433856
2025-06-08 06:56:52,8192,28008267776
6877433856
2025-06-08 06:56:53,8192,28050608128
6877433856
2025-06-08 06:56:54,8192,28099891200
6877433856
2025-06-08 06:56:55,8192,28140130304
6877433856
2025-06-08 06:56:56,8192,28181417984
6877433856
2025-06-08 06:56:57,8192,28242497536
6877433856
2025-06-08 06:56:58,8192,28410327040
6877433856
2025-06-08 06:56:59,8192,28599443456
6877433856
2025-06-08 06:57:01,8192,28750127104
6877433856
2025-06-08 06:57:02,8192,28868689920
6877433856
2025-06-08 06:57:03,8192,29000679424
6877433856
2025-06-08 06:57:04,8192,29133848576
6877433856
2025-06-08 06:57:05,8192,29267017728
6877433856
2025-06-08 06:57:06,8192,29399932928
6877433856
2025-06-08 06:57:08,12288,29546565632
6877433856
2025-06-08 06:57:09,12288,29671243776
6877433856
2025-06-08 06:57:10,12288,29718138880
6877433856
2025-06-08 06:57:11,12288,29893251072
6877433856
2025-06-08 06:57:12,12288,30061023232
6877433856
2025-06-08 06:57:13,12288,30223552512
6877433856
2025-06-08 06:57:14,12288,30304190464
6877433856
